simulations,2,5,10,20
10,2.8866639137268066,1.984330177307129,2.4764013290405273,2.7503387928009033
20,4.24915337562561,2.0679423809051514,3.3969414234161377,1.9879989624023438
50,4.522951126098633,2.5766825675964355,1.7239246368408203,2.299114942550659
100,5.110229969024658,2.258111000061035,1.6231143474578857,1.7246217727661133
